sku,sku_cluster_id,product_name_clean,brand,raw_category,normalized_category,condition_normalized,quantity,platform,mrp,floor_price,amazon_price,real_price,wholesale_price,match_confidence,unreliable_match,discount_percentage,market_gap,sellability_score,risk_score,expected_revenue,expected_cost,acquisition_cost,platform_fee_pct,ancillary_revenue_fee_pct,platform_fee_amount,inspection_cost,transport_cost,return_rate,return_provision,holding_days,holding_cost,expected_profit,expected_profit_p5,expected_profit_p50,expected_profit_p95,expected_margin_pct,expected_roi_pct,expected_roi_p5,expected_roi_p95,prob_profit_positive,scenario_roi_low,scenario_roi_median,scenario_roi_high,recommendation,confidence_gate_applied,reasoning,product_name,category,condition,lot_name,city,item_type,model,sub_model_variant,functional_status,packaging_status,remarks,keywords,brand_cluster_id,category_cluster_id,enrichment_source,amazon_bsr,price_ratio,wholesale_gap,price_band,velocity_estimate,velocity_confidence,expected_sellable_qty,expected_sell_price
bb-8219-14024-d485f7c1856e,c0,Amazon Brand - Solimo Borosilicate Glass Bottle With Black Sipper Cap Anti-Slip Silicon Sleeve 1000 Ml,Solimo,Others > Sports and fitness > Fitness > Others,kitchen,not_tested,1,flipkart,2399.0,268.0,1919.2,1079.55,,1.0,False,88.83,75.17,79.0,37.0,652.59,625.5,281.4,0.14,0.04,126.31,50.0,150.0,0.07,14.74,90,11.89,27.09,-120.84,29.09,170.77,4.15,143.5,76.89,208.07,0.612,20.85,96.37,190.03,REVIEW,False,sellability 79 ≥ 60; risk 37 ≤ 60; margin 4.2% below 15.0%; ROI 143.5% ≥ 25.0%,Amazon Brand - Solimo Borosilicate Glass Bottle with Black Sipper Cap | Anti-Slip Silicon Sleeve | 1000 ml | Pack of 2,kitchen,Not Tested,"Top Brand Misc, Water Bottle, Water Bottles & Other Products ll As is condition ll Amazon Inventory ll 47 Items ll Delhi & Bangalore & Mumbai ll 2842026 ll 16:126 AL || 100364",Bangalore,Water Bottle,,,As-Is-Condition,As-Is-Condition,,"['amazon', 'brand', 'solimo', 'borosilicate', 'glass', 'bottle', 'black', 'sipper', 'cap', 'anti-slip', 'silicon', 'sleeve', '1000']",solimo,kitchen,mrp_heuristic,,0.1117,,HIGH,0.65,0.0,0.65,1079.55
bb-8219-14737-b25fa223c495,c8,Amazon Brand - Solimo Modular Plastic Container And Dispenser - Blue,Solimo,Others > Kitchenware > Others,kitchen,not_tested,1,flipkart,1999.0,169.0,1599.2,899.5500000000001,,1.0,False,91.55,81.21,76.0,37.0,543.78,495.11,177.45,0.14,0.04,105.25,50.0,150.0,0.07,12.28,90,7.5,48.67,-68.62,52.92,173.62,8.95,221.76,139.36,307.99,0.743,59.68,159.49,283.24,REVIEW,False,sellability 76 ≥ 60; risk 37 ≤ 60; margin 8.9% below 15.0%; ROI 221.8% ≥ 25.0%,"Amazon Brand - Solimo Modular Plastic Container and Dispenser, Set of 2 (3000 Ml Each) - Blue",kitchen,Not Tested,"Top Brand Misc, Water Bottle, Water Bottles & Other Products ll As is condition ll Amazon Inventory ll 47 Items ll Delhi & Bangalore & Mumbai ll 2842026 ll 16:126 AL || 100364",Bangalore,Cookie Jars - Non Metallic,,,As-Is-Condition,As-Is-Condition,,"['amazon', 'brand', 'solimo', 'modular', 'plastic', 'container', 'dispenser', 'blue']",solimo,kitchen,mrp_heuristic,,0.0845,,MID,0.65,0.0,0.65,899.55
bb-8219-14012-595790fb7abf,c11,Amazon Brand - Solimo Stainless Steel Insulated Cola Bottle Superior Durability 100 Food-Safe Leak Proof Bpa-Free Cap,Solimo,Others > Kitchenware > Others,kitchen,not_tested,1,flipkart,1699.0,209.0,1359.2,764.5500000000001,,1.0,False,87.7,72.66,76.0,37.0,462.17,522.35,219.45,0.14,0.04,89.45,50.0,150.0,0.07,10.44,90,9.28,-60.18,-166.36,-56.64,41.77,-13.02,121.13,61.55,178.96,0.174,9.74,78.33,163.39,SKIP,False,sellability 76 ≥ 60; risk 37 ≤ 60; margin -13.0% below 15.0%; ROI 121.1% ≥ 25.0%; expected profit non-positive,Amazon Brand - Solimo Stainless Steel Insulated Cola Bottle (1000ml) | Superior Durability | 100% Food-Safe | Leak Proof | BPA-Free Cap (Steel Finish),kitchen,Not Tested,"Top Brand Misc, Water Bottle, Water Bottles & Other Products ll As is condition ll Amazon Inventory ll 47 Items ll Delhi & Bangalore & Mumbai ll 2842026 ll 16:126 AL || 100364",Bangalore,Misc,,,As-Is-Condition,As-Is-Condition,,"['amazon', 'brand', 'solimo', 'stainless', 'steel', 'insulated', 'cola', 'bottle', 'superior', 'durability', '100', 'food-safe', 'leak', 'proof', 'bpa-free', 'cap']",solimo,kitchen,mrp_heuristic,,0.123,,MID,0.65,0.0,0.65,764.55
bb-8219-8065-67ecd91961fb,c11,Amazon Brand - Solimo Stainless Steel Insulated Cola Dual Colour Bottle Superior Durability 100 Food-Safe Leak Proof Bpa-Free Cap,Solimo,Others > Kitchenware > Others,kitchen,not_tested,1,flipkart,1399.0,177.0,1119.2,629.5500000000001,,1.0,False,87.35,71.88,76.0,37.0,380.56,470.8,185.85,0.14,0.04,73.66,50.0,150.0,0.07,8.59,90,7.86,-90.24,-181.54,-87.3,-2.12,-23.71,115.01,53.61,173.66,0.047,6.7,73.39,156.09,SKIP,False,sellability 76 ≥ 60; risk 37 ≤ 60; margin -23.7% below 15.0%; ROI 115.0% ≥ 25.0%; expected profit non-positive,Amazon Brand - Solimo Stainless Steel Insulated Cola Dual Colour Bottle (500ml) | Superior Durability | 100% Food-Safe | Leak Proof | BPA-Free Cap (Blue & Pink),kitchen,Not Tested,"Top Brand Misc, Water Bottle, Water Bottles & Other Products ll As is condition ll Amazon Inventory ll 47 Items ll Delhi & Bangalore & Mumbai ll 2842026 ll 16:126 AL || 100364",Bangalore,Misc,,,As-Is-Condition,As-Is-Condition,,"['amazon', 'brand', 'solimo', 'stainless', 'steel', 'insulated', 'cola', 'dual', 'bottle', 'superior', 'durability', '100', 'food-safe', 'leak', 'proof', 'bpa-free', 'cap']",solimo,kitchen,mrp_heuristic,,0.1265,,MID,0.65,0.0,0.65,629.55
bb-8219-16928-e459fa37cd75,c11,Amazon Brand - Solimo Stainless Steel Insulated Cola Dual Colour Bottle Superior Durability 100 Food-Safe Leak Proof Bpa-Free Cap,Solimo,Others > Kitchenware > Others,kitchen,not_tested,1,flipkart,1399.0,177.0,1119.2,629.5500000000001,,1.0,False,87.35,71.88,76.0,37.0,380.56,470.8,185.85,0.14,0.04,73.66,50.0,150.0,0.07,8.59,90,7.86,-90.24,-180.03,-89.66,-12.01,-23.71,115.01,54.18,168.79,0.03,6.7,73.39,156.09,SKIP,False,sellability 76 ≥ 60; risk 37 ≤ 60; margin -23.7% below 15.0%; ROI 115.0% ≥ 25.0%; expected profit non-positive,Amazon Brand - Solimo Stainless Steel Insulated Cola Dual Colour Bottle (500ml) | Superior Durability | 100% Food-Safe | Leak Proof | BPA-Free Cap (Blue & Pink),kitchen,Not Tested,"Top Brand Misc, Water Bottle, Water Bottles & Other Products ll As is condition ll Amazon Inventory ll 47 Items ll Delhi & Bangalore & Mumbai ll 2842026 ll 16:126 AL || 100364",Bangalore,Misc,,,As-Is-Condition,As-Is-Condition,,"['amazon', 'brand', 'solimo', 'stainless', 'steel', 'insulated', 'cola', 'dual', 'bottle', 'superior', 'durability', '100', 'food-safe', 'leak', 'proof', 'bpa-free', 'cap']",solimo,kitchen,mrp_heuristic,,0.1265,,MID,0.65,0.0,0.65,629.55
bb-8219-6092-ae1c2c93458f,c7,Amazon Brand - Solimo Slim High Microwave Safe Office Two Compartment Lunch Box Set Borosilicate Glass Safety Lock Airtight Tiffin Containers Transparent,Solimo,Fashion and Style > Beauty and Grooming products > Make up > Nails product > Nail polish,kitchen,not_tested,1,flipkart,1499.0,229.0,1199.2,674.5500000000001,,1.0,False,84.72,66.05,76.0,37.0,407.77,533.22,240.45,0.14,0.04,78.92,50.0,150.0,0.07,9.21,90,10.16,-125.45,-224.63,-119.34,-29.83,-30.77,78.06,27.55,127.48,0.009,-11.63,43.6,112.09,SKIP,False,sellability 76 ≥ 60; risk 37 ≤ 60; margin -30.8% below 15.0%; ROI 78.1% ≥ 25.0%; expected profit non-positive,Amazon Brand - Solimo Slim High Microwave Safe Office Two Compartment Lunch Box Set | Borosilicate Glass | Safety Lock Airtight Tiffin Containers (1350 ml) | Transparent,kitchen,Not Tested,"Top Brand Misc, Water Bottle, Water Bottles & Other Products ll As is condition ll Amazon Inventory ll 47 Items ll Delhi & Bangalore & Mumbai ll 2842026 ll 16:126 AL || 100364",Bangalore,Nail Polish,,,As-Is-Condition,As-Is-Condition,,"['amazon', 'brand', 'solimo', 'slim', 'high', 'microwave', 'safe', 'office', 'two', 'compartment', 'lunch', 'box', 'borosilicate', 'glass', 'safety', 'lock', 'airtight', 'tiffin', 'containers', 'transparent']",solimo,kitchen,mrp_heuristic,,0.1528,,MID,0.65,0.0,0.65,674.55
bb-8219-15556-afebe2a78521,c7,Amazon Brand - Solimo Slim High Microwave Safe Office Two Compartment Lunch Box Set Borosilicate Glass Safety Lock Airtight Tiffin Containers Transparent,Solimo,Fashion and Style > Beauty and Grooming products > Make up > Nails product > Nail polish,kitchen,not_tested,1,flipkart,1499.0,229.0,1199.2,674.5500000000001,,1.0,False,84.72,66.05,76.0,37.0,407.77,533.22,240.45,0.14,0.04,78.92,50.0,150.0,0.07,9.21,90,10.16,-125.45,-222.22,-124.98,-33.93,-30.77,78.06,25.31,125.73,0.007,-11.63,43.6,112.09,SKIP,False,sellability 76 ≥ 60; risk 37 ≤ 60; margin -30.8% below 15.0%; ROI 78.1% ≥ 25.0%; expected profit non-positive,Amazon Brand - Solimo Slim High Microwave Safe Office Two Compartment Lunch Box Set | Borosilicate Glass | Safety Lock Airtight Tiffin Containers (1350 ml) | Transparent,kitchen,Not Tested,"Top Brand Misc, Water Bottle, Water Bottles & Other Products ll As is condition ll Amazon Inventory ll 47 Items ll Delhi & Bangalore & Mumbai ll 2842026 ll 16:126 AL || 100364",Bangalore,Nail Polish,,,As-Is-Condition,As-Is-Condition,,"['amazon', 'brand', 'solimo', 'slim', 'high', 'microwave', 'safe', 'office', 'two', 'compartment', 'lunch', 'box', 'borosilicate', 'glass', 'safety', 'lock', 'airtight', 'tiffin', 'containers', 'transparent']",solimo,kitchen,mrp_heuristic,,0.1528,,MID,0.65,0.0,0.65,674.55
bb-8219-16231-57e84f7b0750,c1,Amazon Brand - Solimo Borosilicate Glass Fridge Bottle With Leak Proof Sporty Stainless Steel Cap 1000 Ml,Solimo,Others > Sports and fitness > Fitness > Others,kitchen,not_tested,1,flipkart,1399.0,225.0,1119.2,629.5500000000001,,1.0,False,83.92,64.26,76.0,37.0,380.56,523.33,236.25,0.14,0.04,73.66,50.0,150.0,0.07,8.59,90,9.99,-142.77,-229.67,-141.96,-59.14,-37.51,69.14,24.36,112.95,0.0,-16.06,36.4,101.46,SKIP,False,sellability 76 ≥ 60; risk 37 ≤ 60; margin -37.5% below 15.0%; ROI 69.1% ≥ 25.0%; expected profit non-positive,Amazon Brand - Solimo Borosilicate Glass Fridge Bottle with Leak Proof Sporty Stainless Steel Cap | 1000 ml | Pack of 2,kitchen,Not Tested,"Top Brand Misc, Water Bottle, Water Bottles & Other Products ll As is condition ll Amazon Inventory ll 47 Items ll Delhi & Bangalore & Mumbai ll 2842026 ll 16:126 AL || 100364",Bangalore,Water Bottle,,,As-Is-Condition,As-Is-Condition,,"['amazon', 'brand', 'solimo', 'borosilicate', 'glass', 'fridge', 'bottle', 'leak', 'proof', 'sporty', 'stainless', 'steel', 'cap', '1000']",solimo,kitchen,mrp_heuristic,,0.1608,,MID,0.65,0.0,0.65,629.55
bb-8219-2335-1ad49912914f,c7,Amazon Brand - Solimo Microwave Safe Two Compartment Lunch Box Set For Office With Bag Borosilicate Glass Safety Lock Airtight Tiffin Containers Transparent Slim Design,Solimo,Others > Kitchenware > Kitchen Storage > Lunch box,kitchen,not_tested,1,flipkart,1199.0,190.0,959.2,539.5500000000001,,1.0,False,84.15,64.79,76.0,37.0,326.16,474.01,199.5,0.14,0.04,63.13,50.0,150.0,0.07,7.36,90,8.43,-147.85,-222.15,-148.76,-73.43,-45.33,71.66,23.84,117.75,0.0,-14.81,38.44,104.46,SKIP,False,sellability 76 ≥ 60; risk 37 ≤ 60; margin -45.3% below 15.0%; ROI 71.7% ≥ 25.0%; expected profit non-positive,Amazon Brand - Solimo Microwave Safe Two Compartment Lunch Box Set for Office with Bag | Borosilicate Glass | Safety Lock Airtight Tiffin Containers (540 ml) | Transparent | Slim Design,kitchen,Not Tested,"Top Brand Misc, Water Bottle, Water Bottles & Other Products ll As is condition ll Amazon Inventory ll 47 Items ll Delhi & Bangalore & Mumbai ll 2842026 ll 16:126 AL || 100364",Bangalore,Lunch Box,,,As-Is-Condition,As-Is-Condition,,"['amazon', 'brand', 'solimo', 'microwave', 'safe', 'two', 'compartment', 'lunch', 'box', 'office', 'bag', 'borosilicate', 'glass', 'safety', 'lock', 'airtight', 'tiffin', 'containers', 'transparent', 'slim', 'design']",solimo,kitchen,mrp_heuristic,,0.1585,,MID,0.65,0.0,0.65,539.55
bb-8219-2625-1a9f9088abb3,c7,Amazon Brand - Solimo Microwave Safe Two Compartment Lunch Box Set For Office With Bag Borosilicate Glass Safety Lock Airtight Tiffin Containers Transparent Slim Design,Solimo,Others > Kitchenware > Kitchen Storage > Lunch box,kitchen,not_tested,1,flipkart,1199.0,190.0,959.2,539.5500000000001,,1.0,False,84.15,64.79,76.0,37.0,326.16,474.01,199.5,0.14,0.04,63.13,50.0,150.0,0.07,7.36,90,8.43,-147.85,-225.54,-144.16,-78.8,-45.33,71.66,23.94,115.74,0.0,-14.81,38.44,104.46,SKIP,False,sellability 76 ≥ 60; risk 37 ≤ 60; margin -45.3% below 15.0%; ROI 71.7% ≥ 25.0%; expected profit non-positive,Amazon Brand - Solimo Microwave Safe Two Compartment Lunch Box Set for Office with Bag | Borosilicate Glass | Safety Lock Airtight Tiffin Containers (540 ml) | Transparent | Slim Design,kitchen,Not Tested,"Top Brand Misc, Water Bottle, Water Bottles & Other Products ll As is condition ll Amazon Inventory ll 47 Items ll Delhi & Bangalore & Mumbai ll 2842026 ll 16:126 AL || 100364",Bangalore,Lunch Box,,,As-Is-Condition,As-Is-Condition,,"['amazon', 'brand', 'solimo', 'microwave', 'safe', 'two', 'compartment', 'lunch', 'box', 'office', 'bag', 'borosilicate', 'glass', 'safety', 'lock', 'airtight', 'tiffin', 'containers', 'transparent', 'slim', 'design']",solimo,kitchen,mrp_heuristic,,0.1585,,MID,0.65,0.0,0.65,539.55
bb-8219-7450-85301d2e131d,c9,Amazon Brand - Solimo Stainless Steel Bottles 970Ml Each 100 Food-Grade Bpa-Free Cap Leak & Spill Proof Ergonomic Grip For Home & Office Use,Solimo,Others > Sports and fitness > Fitness > Others,kitchen,not_tested,1,flipkart,1899.0,332.0,1519.2,854.5500000000001,,1.0,False,82.52,61.15,76.0,37.0,516.58,667.98,348.6,0.14,0.04,99.98,50.0,150.0,0.07,11.66,90,14.74,-151.41,-267.46,-148.84,-48.63,-29.31,55.6,12.61,92.47,0.004,-22.78,25.48,85.32,SKIP,False,sellability 76 ≥ 60; risk 37 ≤ 60; margin -29.3% below 15.0%; ROI 55.6% ≥ 25.0%; expected profit non-positive,"Amazon Brand - Solimo Stainless Steel Bottles (Set of 3) | 970ml Each | 100% Food-Grade | BPA-Free Cap | Leak & Spill Proof | Ergonomic Grip | For Home & Office Use (Yellow, Grey & Red)",kitchen,Not Tested,"Top Brand Misc, Water Bottle, Water Bottles & Other Products ll As is condition ll Amazon Inventory ll 47 Items ll Delhi & Bangalore & Mumbai ll 2842026 ll 16:126 AL || 100364",Bangalore,Water Bottle,,,As-Is-Condition,As-Is-Condition,,"['amazon', 'brand', 'solimo', 'stainless', 'steel', 'bottles', '970ml', 'each', '100', 'food-grade', 'bpa-free', 'cap', 'leak', 'spill', 'proof', 'ergonomic', 'grip', 'home', 'office', 'use']",solimo,kitchen,mrp_heuristic,,0.1748,,MID,0.65,0.0,0.65,854.55
bb-8219-14408-e21e34ddf2d9,c7,Amazon Brand - Solimo Microwave Safe Two Compartment Lunch Box Set For Office With Bag Borosilicate Glass Safety Lock Airtight Tiffin Containers Transparent Slim Design,Solimo,Others > Kitchenware > Kitchen Storage > Lunch box,kitchen,not_tested,1,flipkart,1299.0,227.0,1039.2,584.5500000000001,,1.0,False,82.53,61.17,76.0,37.0,353.36,520.01,238.35,0.14,0.04,68.39,50.0,150.0,0.07,7.98,90,10.08,-166.65,-248.05,-164.2,-93.17,-47.16,55.67,11.44,94.21,0.0,-22.75,25.54,85.41,SKIP,False,sellability 76 ≥ 60; risk 37 ≤ 60; margin -47.2% below 15.0%; ROI 55.7% ≥ 25.0%; expected profit non-positive,Amazon Brand - Solimo Microwave Safe Two Compartment Lunch Box Set for Office with Bag | Borosilicate Glass | Safety Lock Airtight Tiffin Containers (900 ml) | Transparent | Slim Design,kitchen,Not Tested,"Top Brand Misc, Water Bottle, Water Bottles & Other Products ll As is condition ll Amazon Inventory ll 47 Items ll Delhi & Bangalore & Mumbai ll 2842026 ll 16:126 AL || 100364",Bangalore,Lunch Box,,,As-Is-Condition,As-Is-Condition,,"['amazon', 'brand', 'solimo', 'microwave', 'safe', 'two', 'compartment', 'lunch', 'box', 'office', 'bag', 'borosilicate', 'glass', 'safety', 'lock', 'airtight', 'tiffin', 'containers', 'transparent', 'slim', 'design']",solimo,kitchen,mrp_heuristic,,0.1747,,MID,0.65,0.0,0.65,584.55
bb-8219-17499-c951a47e625e,c7,Amazon Brand - Solimo Microwave Safe Two Compartment Lunch Box Set For Office With Bag Borosilicate Glass Safety Lock Airtight Tiffin Containers Transparent Slim Design,Solimo,Others > Kitchenware > Kitchen Storage > Lunch box,kitchen,not_tested,1,flipkart,1299.0,227.0,1039.2,584.5500000000001,,1.0,False,82.53,61.17,76.0,37.0,353.36,520.01,238.35,0.14,0.04,68.39,50.0,150.0,0.07,7.98,90,10.08,-166.65,-248.67,-165.14,-90.32,-47.16,55.67,12.45,95.64,0.0,-22.75,25.54,85.41,SKIP,False,sellability 76 ≥ 60; risk 37 ≤ 60; margin -47.2% below 15.0%; ROI 55.7% ≥ 25.0%; expected profit non-positive,Amazon Brand - Solimo Microwave Safe Two Compartment Lunch Box Set for Office with Bag | Borosilicate Glass | Safety Lock Airtight Tiffin Containers (900 ml) | Transparent | Slim Design,kitchen,Not Tested,"Top Brand Misc, Water Bottle, Water Bottles & Other Products ll As is condition ll Amazon Inventory ll 47 Items ll Delhi & Bangalore & Mumbai ll 2842026 ll 16:126 AL || 100364",Bangalore,Lunch Box,,,As-Is-Condition,As-Is-Condition,,"['amazon', 'brand', 'solimo', 'microwave', 'safe', 'two', 'compartment', 'lunch', 'box', 'office', 'bag', 'borosilicate', 'glass', 'safety', 'lock', 'airtight', 'tiffin', 'containers', 'transparent', 'slim', 'design']",solimo,kitchen,mrp_heuristic,,0.1747,,MID,0.65,0.0,0.65,584.55
bb-8219-5542-51df37e59f62,c7,Solimo Microwave Safe Two Compartment Lunch Box Set For Office Borosilicate Glass Safety Lock Airtight Tiffin Containers Transparent Slim Design,Solimo,Others > Kitchenware > Kitchen Storage > Lunch box,kitchen,not_tested,1,flipkart,899.0,148.0,719.2,404.55,,1.0,False,83.54,63.42,76.0,37.0,244.55,411.51,155.4,0.14,0.04,47.33,50.0,150.0,0.07,5.52,90,6.57,-166.96,-221.39,-164.06,-110.63,-68.27,65.24,20.6,110.08,0.0,-18.0,33.26,96.81,SKIP,False,sellability 76 ≥ 60; risk 37 ≤ 60; margin -68.3% below 15.0%; ROI 65.2% ≥ 25.0%; expected profit non-positive,Solimo Microwave Safe Two Compartment Lunch Box Set for Office|Borosilicate Glass|Safety Lock Airtight Tiffin Containers(540 Ml)|Transparent|Slim Design,kitchen,Not Tested,"Top Brand Misc, Water Bottle, Water Bottles & Other Products ll As is condition ll Amazon Inventory ll 47 Items ll Delhi & Bangalore & Mumbai ll 2842026 ll 16:126 AL || 100364",Bangalore,Lunch Box,,,As-Is-Condition,As-Is-Condition,,"['solimo', 'microwave', 'safe', 'two', 'compartment', 'lunch', 'box', 'office', 'borosilicate', 'glass', 'safety', 'lock', 'airtight', 'tiffin', 'containers', 'transparent', 'slim', 'design']",solimo,kitchen,mrp_heuristic,,0.1646,,MID,0.65,0.0,0.65,404.55
bb-8219-15031-1fcb71f6e609,c7,Solimo Microwave Safe Two Compartment Lunch Box Set For Office Borosilicate Glass Safety Lock Airtight Tiffin Containers Transparent Slim Design,Solimo,Others > Kitchenware > Kitchen Storage > Lunch box,kitchen,not_tested,1,flipkart,899.0,148.0,719.2,404.55,,1.0,False,83.54,63.42,76.0,37.0,244.55,411.51,155.4,0.14,0.04,47.33,50.0,150.0,0.07,5.52,90,6.57,-166.96,-221.39,-164.43,-113.86,-68.27,65.24,21.03,107.84,0.0,-18.0,33.26,96.81,SKIP,False,sellability 76 ≥ 60; risk 37 ≤ 60; margin -68.3% below 15.0%; ROI 65.2% ≥ 25.0%; expected profit non-positive,Solimo Microwave Safe Two Compartment Lunch Box Set for Office|Borosilicate Glass|Safety Lock Airtight Tiffin Containers(540 Ml)|Transparent|Slim Design,kitchen,Not Tested,"Top Brand Misc, Water Bottle, Water Bottles & Other Products ll As is condition ll Amazon Inventory ll 47 Items ll Delhi & Bangalore & Mumbai ll 2842026 ll 16:126 AL || 100364",Bangalore,Lunch Box,,,As-Is-Condition,As-Is-Condition,,"['solimo', 'microwave', 'safe', 'two', 'compartment', 'lunch', 'box', 'office', 'borosilicate', 'glass', 'safety', 'lock', 'airtight', 'tiffin', 'containers', 'transparent', 'slim', 'design']",solimo,kitchen,mrp_heuristic,,0.1646,,MID,0.65,0.0,0.65,404.55
bb-8219-10325-e79cc9bf38c0,c2,Amazon Brand - Solimo Borosilicate Glass Fridge Water Bottle Leak Proof Stainless Steel Jacketed Cap Toxin-Free Thermal Shock Resistant Odour Neutral Foam Cover,Solimo,Others > Kitchenware > Others,kitchen,not_tested,1,flipkart,699.0,128.0,559.2,314.55,,1.0,False,81.69,59.31,75.83,37.0,190.15,378.6,134.4,0.14,0.04,36.8,50.0,150.0,0.07,4.29,90,5.68,-188.46,-230.35,-187.3,-148.2,-99.11,48.55,7.93,85.95,0.0,-26.28,19.8,76.93,SKIP,False,sellability 76 ≥ 60; risk 37 ≤ 60; margin -99.1% below 15.0%; ROI 48.5% ≥ 25.0%; expected profit non-positive,Amazon Brand - Solimo Borosilicate Glass Fridge Water Bottle | Leak Proof | Stainless Steel Jacketed Cap | Toxin-Free | Thermal Shock Resistant | Odour Neutral | Foam Cover (750 ml),kitchen,Not Tested,"Top Brand Misc, Water Bottle, Water Bottles & Other Products ll As is condition ll Amazon Inventory ll 47 Items ll Delhi & Bangalore & Mumbai ll 2842026 ll 16:126 AL || 100364",Bangalore,Misc,,,As-Is-Condition,As-Is-Condition,,"['amazon', 'brand', 'solimo', 'borosilicate', 'glass', 'fridge', 'water', 'bottle', 'leak', 'proof', 'stainless', 'steel', 'jacketed', 'cap', 'toxin-free', 'thermal', 'shock', 'resistant', 'odour', 'neutral', 'foam', 'cover']",solimo,kitchen,mrp_heuristic,,0.1831,,MID,0.65,0.0,0.65,314.55
bb-8219-14655-3f59b2c67b06,c2,Amazon Brand - Solimo Borosilicate Glass Fridge Water Bottle Leak Proof Stainless Steel Jacketed Cap Toxin-Free Thermal Shock Resistant Odour Neutral Foam Cover,Solimo,Others > Kitchenware > Others,kitchen,not_tested,1,flipkart,699.0,128.0,559.2,314.55,,1.0,False,81.69,59.31,75.83,37.0,190.15,378.6,134.4,0.14,0.04,36.8,50.0,150.0,0.07,4.29,90,5.68,-188.46,-231.04,-186.72,-145.72,-99.11,48.55,8.75,88.98,0.0,-26.28,19.8,76.93,SKIP,False,sellability 76 ≥ 60; risk 37 ≤ 60; margin -99.1% below 15.0%; ROI 48.5% ≥ 25.0%; expected profit non-positive,Amazon Brand - Solimo Borosilicate Glass Fridge Water Bottle | Leak Proof | Stainless Steel Jacketed Cap | Toxin-Free | Thermal Shock Resistant | Odour Neutral | Foam Cover (750 ml),kitchen,Not Tested,"Top Brand Misc, Water Bottle, Water Bottles & Other Products ll As is condition ll Amazon Inventory ll 47 Items ll Delhi & Bangalore & Mumbai ll 2842026 ll 16:126 AL || 100364",Bangalore,Misc,,,As-Is-Condition,As-Is-Condition,,"['amazon', 'brand', 'solimo', 'borosilicate', 'glass', 'fridge', 'water', 'bottle', 'leak', 'proof', 'stainless', 'steel', 'jacketed', 'cap', 'toxin-free', 'thermal', 'shock', 'resistant', 'odour', 'neutral', 'foam', 'cover']",solimo,kitchen,mrp_heuristic,,0.1831,,MID,0.65,0.0,0.65,314.55
bb-8219-16502-49fbcca08bab,c2,Amazon Brand - Solimo Borosilicate Glass Fridge Water Bottle Leak Proof Stainless Steel Jacketed Cap Toxin-Free Thermal Shock Resistant Odour Neutral Foam Cover,Solimo,Others > Kitchenware > Others,kitchen,not_tested,1,flipkart,699.0,128.0,559.2,314.55,,1.0,False,81.69,59.31,75.83,37.0,190.15,378.6,134.4,0.14,0.04,36.8,50.0,150.0,0.07,4.29,90,5.68,-188.46,-233.82,-187.66,-143.5,-99.11,48.55,7.85,89.48,0.0,-26.28,19.8,76.93,SKIP,False,sellability 76 ≥ 60; risk 37 ≤ 60; margin -99.1% below 15.0%; ROI 48.5% ≥ 25.0%; expected profit non-positive,Amazon Brand - Solimo Borosilicate Glass Fridge Water Bottle | Leak Proof | Stainless Steel Jacketed Cap | Toxin-Free | Thermal Shock Resistant | Odour Neutral | Foam Cover (750 ml),kitchen,Not Tested,"Top Brand Misc, Water Bottle, Water Bottles & Other Products ll As is condition ll Amazon Inventory ll 47 Items ll Delhi & Bangalore & Mumbai ll 2842026 ll 16:126 AL || 100364",Bangalore,Misc,,,As-Is-Condition,As-Is-Condition,,"['amazon', 'brand', 'solimo', 'borosilicate', 'glass', 'fridge', 'water', 'bottle', 'leak', 'proof', 'stainless', 'steel', 'jacketed', 'cap', 'toxin-free', 'thermal', 'shock', 'resistant', 'odour', 'neutral', 'foam', 'cover']",solimo,kitchen,mrp_heuristic,,0.1831,,MID,0.65,0.0,0.65,314.55
bb-8219-2912-7613a626c462,c2,Amazon Brand - Solimo Borosilicate Glass Fridge Water Bottle Leak Proof Stainless Steel Jacketed Cap Toxin-Free Thermal Shock Resistant Odour Neutral Foam Cover,Solimo,Others > Kitchenware > Others,kitchen,not_tested,1,flipkart,799.0,150.0,639.2,359.55,,1.0,False,81.23,58.28,75.57,37.0,217.35,408.19,157.5,0.14,0.04,42.07,50.0,150.0,0.07,4.91,90,6.66,-190.84,-238.83,-189.65,-143.54,-87.8,44.9,7.86,83.55,0.0,-28.09,16.85,72.58,SKIP,False,sellability 76 ≥ 60; risk 37 ≤ 60; margin -87.8% below 15.0%; ROI 44.9% ≥ 25.0%; expected profit non-positive,Amazon Brand - Solimo Borosilicate Glass Fridge Water Bottle | Leak Proof | Stainless Steel Jacketed Cap | Toxin-Free | Thermal Shock Resistant | Odour Neutral | Foam Cover (1000 ml),kitchen,Not Tested,"Top Brand Misc, Water Bottle, Water Bottles & Other Products ll As is condition ll Amazon Inventory ll 47 Items ll Delhi & Bangalore & Mumbai ll 2842026 ll 16:126 AL || 100364",Bangalore,Misc,,,As-Is-Condition,As-Is-Condition,,"['amazon', 'brand', 'solimo', 'borosilicate', 'glass', 'fridge', 'water', 'bottle', 'leak', 'proof', 'stainless', 'steel', 'jacketed', 'cap', 'toxin-free', 'thermal', 'shock', 'resistant', 'odour', 'neutral', 'foam', 'cover']",solimo,kitchen,mrp_heuristic,,0.1877,,MID,0.65,0.0,0.65,359.55
bb-8219-6774-01654457dbc9,c4,Amazon Brand - Solimo Copper Leak-Proof Powder Coating Sipper Bottles 950 Ml Pure Copper Coca Cola Color Daily Wellness Sipper Bottle,Solimo,Others > Kitchenware > Others,kitchen,not_tested,1,flipkart,1499.0,283.0,1199.2,674.5500000000001,,1.0,False,81.12,58.05,75.51,37.0,407.77,592.32,297.15,0.14,0.04,78.92,50.0,150.0,0.07,9.21,90,12.56,-184.55,-272.56,-182.28,-94.68,-45.26,44.09,7.46,82.4,0.0,-28.49,16.2,71.62,SKIP,False,sellability 76 ≥ 60; risk 37 ≤ 60; margin -45.3% below 15.0%; ROI 44.1% ≥ 25.0%; expected profit non-positive,Amazon Brand - Solimo Copper Leak-Proof Powder Coating Sipper Bottles | 950 ml | Pure Copper | Coca Cola Color | Daily Wellness Sipper Bottle,kitchen,Not Tested,"Top Brand Misc, Water Bottle, Water Bottles & Other Products ll As is condition ll Amazon Inventory ll 47 Items ll Delhi & Bangalore & Mumbai ll 2842026 ll 16:126 AL || 100364",Bangalore,Misc,,,As-Is-Condition,As-Is-Condition,,"['amazon', 'brand', 'solimo', 'copper', 'leak-proof', 'powder', 'coating', 'sipper', 'bottles', '950', 'pure', 'coca', 'cola', 'daily', 'wellness', 'bottle']",solimo,kitchen,mrp_heuristic,,0.1888,,MID,0.65,0.0,0.65,674.55
bb-8219-17433-43f2747182c4,c4,Amazon Brand - Solimo Copper Leak-Proof Powder Coating Sipper Bottles 950 Ml Pure Copper Coca Cola Color Daily Wellness Sipper Bottle,Solimo,Others > Kitchenware > Others,kitchen,not_tested,1,flipkart,1499.0,283.0,1199.2,674.5500000000001,,1.0,False,81.12,58.05,75.51,37.0,407.77,592.32,297.15,0.14,0.04,78.92,50.0,150.0,0.07,9.21,90,12.56,-184.55,-280.99,-183.11,-89.27,-45.26,44.09,4.46,83.21,0.0,-28.49,16.2,71.62,SKIP,False,sellability 76 ≥ 60; risk 37 ≤ 60; margin -45.3% below 15.0%; ROI 44.1% ≥ 25.0%; expected profit non-positive,Amazon Brand - Solimo Copper Leak-Proof Powder Coating Sipper Bottles | 950 ml | Pure Copper | Coca Cola Color | Daily Wellness Sipper Bottle,kitchen,Not Tested,"Top Brand Misc, Water Bottle, Water Bottles & Other Products ll As is condition ll Amazon Inventory ll 47 Items ll Delhi & Bangalore & Mumbai ll 2842026 ll 16:126 AL || 100364",Bangalore,Misc,,,As-Is-Condition,As-Is-Condition,,"['amazon', 'brand', 'solimo', 'copper', 'leak-proof', 'powder', 'coating', 'sipper', 'bottles', '950', 'pure', 'coca', 'cola', 'daily', 'wellness', 'bottle']",solimo,kitchen,mrp_heuristic,,0.1888,,MID,0.65,0.0,0.65,674.55
bb-8219-10349-b504ef47148c,c4,Amazon Brand - Solimo Copper Leak-Proof Powder Coating Bottles 950 Ml Pure Copper Coca Cola Color Daily Wellness Bottle,Solimo,Others > Kitchenware > Others,kitchen,not_tested,1,flipkart,1499.0,286.0,1199.2,674.5500000000001,,1.0,False,80.92,57.6,75.4,37.0,407.77,595.6,300.3,0.14,0.04,78.92,50.0,150.0,0.07,9.21,90,12.69,-187.83,-278.28,-183.35,-96.85,-46.06,42.58,3.08,79.97,0.0,-29.24,14.98,69.82,SKIP,False,sellability 75 ≥ 60; risk 37 ≤ 60; margin -46.1% below 15.0%; ROI 42.6% ≥ 25.0%; expected profit non-positive,Amazon Brand - Solimo Copper Leak-Proof Powder Coating Bottles | 950 ml | Pure Copper | Coca Cola Color | Daily Wellness Bottle,kitchen,Not Tested,"Top Brand Misc, Water Bottle, Water Bottles & Other Products ll As is condition ll Amazon Inventory ll 47 Items ll Delhi & Bangalore & Mumbai ll 2842026 ll 16:126 AL || 100364",Bangalore,Misc,,,As-Is-Condition,As-Is-Condition,,"['amazon', 'brand', 'solimo', 'copper', 'leak-proof', 'powder', 'coating', 'bottles', '950', 'pure', 'coca', 'cola', 'daily', 'wellness', 'bottle']",solimo,kitchen,mrp_heuristic,,0.1908,,MID,0.65,0.0,0.65,674.55
bb-8219-14023-669c98229097,c4,Amazon Brand - Solimo Copper Leak-Proof Powder Coating Bottles 950 Ml Pure Copper Coca Cola Color Daily Wellness Bottle,Solimo,Others > Kitchenware > Others,kitchen,not_tested,1,flipkart,1499.0,286.0,1199.2,674.5500000000001,,1.0,False,80.92,57.6,75.4,37.0,407.77,595.6,300.3,0.14,0.04,78.92,50.0,150.0,0.07,9.21,90,12.69,-187.83,-276.32,-183.6,-95.39,-46.06,42.58,4.98,81.65,0.0,-29.24,14.98,69.82,SKIP,False,sellability 75 ≥ 60; risk 37 ≤ 60; margin -46.1% below 15.0%; ROI 42.6% ≥ 25.0%; expected profit non-positive,Amazon Brand - Solimo Copper Leak-Proof Powder Coating Bottles | 950 ml | Pure Copper | Coca Cola Color | Daily Wellness Bottle,kitchen,Not Tested,"Top Brand Misc, Water Bottle, Water Bottles & Other Products ll As is condition ll Amazon Inventory ll 47 Items ll Delhi & Bangalore & Mumbai ll 2842026 ll 16:126 AL || 100364",Bangalore,Misc,,,As-Is-Condition,As-Is-Condition,,"['amazon', 'brand', 'solimo', 'copper', 'leak-proof', 'powder', 'coating', 'bottles', '950', 'pure', 'coca', 'cola', 'daily', 'wellness', 'bottle']",solimo,kitchen,mrp_heuristic,,0.1908,,MID,0.65,0.0,0.65,674.55
bb-8219-16410-beb8f2988ed5,c3,Amazon Brand - Solimo Copper Leak-Proof Mat Finish Designer Bottles 950 Ml Pure Copper Elegant Matte Design Daily Wellness Bottle,Solimo,Others > Kitchenware > Others,kitchen,not_tested,1,flipkart,1499.0,288.0,1199.2,674.5500000000001,,1.0,False,80.79,57.3,75.32,37.0,407.77,597.79,302.4,0.14,0.04,78.92,50.0,150.0,0.07,9.21,90,12.78,-190.02,-282.84,-187.19,-96.11,-46.6,41.59,3.27,80.29,0.0,-29.73,14.18,68.64,SKIP,False,sellability 75 ≥ 60; risk 37 ≤ 60; margin -46.6% below 15.0%; ROI 41.6% ≥ 25.0%; expected profit non-positive,Amazon Brand - Solimo Copper Leak-Proof Mat Finish Designer Bottles | 950 ml | Pure Copper | Elegant Matte Design | Daily Wellness Bottle,kitchen,Not Tested,"Top Brand Misc, Water Bottle, Water Bottles & Other Products ll As is condition ll Amazon Inventory ll 47 Items ll Delhi & Bangalore & Mumbai ll 2842026 ll 16:126 AL || 100364",Bangalore,Misc,,,As-Is-Condition,As-Is-Condition,,"['amazon', 'brand', 'solimo', 'copper', 'leak-proof', 'mat', 'finish', 'designer', 'bottles', '950', 'pure', 'elegant', 'matte', 'design', 'daily', 'wellness', 'bottle']",solimo,kitchen,mrp_heuristic,,0.1921,,MID,0.65,0.0,0.65,674.55
bb-8219-16749-f56cd3b43615,c3,Amazon Brand - Solimo Copper Leak-Proof Mat Finish Designer Bottles 950 Ml Pure Copper Elegant Matte Design Daily Wellness Bottle,Solimo,Others > Kitchenware > Others,kitchen,not_tested,1,flipkart,1499.0,288.0,1199.2,674.5500000000001,,1.0,False,80.79,57.3,75.32,37.0,407.77,597.79,302.4,0.14,0.04,78.92,50.0,150.0,0.07,9.21,90,12.78,-190.02,-284.77,-188.61,-94.53,-46.6,41.59,1.02,80.23,0.0,-29.73,14.18,68.64,SKIP,False,sellability 75 ≥ 60; risk 37 ≤ 60; margin -46.6% below 15.0%; ROI 41.6% ≥ 25.0%; expected profit non-positive,Amazon Brand - Solimo Copper Leak-Proof Mat Finish Designer Bottles | 950 ml | Pure Copper | Elegant Matte Design | Daily Wellness Bottle,kitchen,Not Tested,"Top Brand Misc, Water Bottle, Water Bottles & Other Products ll As is condition ll Amazon Inventory ll 47 Items ll Delhi & Bangalore & Mumbai ll 2842026 ll 16:126 AL || 100364",Bangalore,Misc,,,As-Is-Condition,As-Is-Condition,,"['amazon', 'brand', 'solimo', 'copper', 'leak-proof', 'mat', 'finish', 'designer', 'bottles', '950', 'pure', 'elegant', 'matte', 'design', 'daily', 'wellness', 'bottle']",solimo,kitchen,mrp_heuristic,,0.1921,,MID,0.65,0.0,0.65,674.55
bb-8219-16353-6b62ffb8c0a3,c12,Amazon Brand - Solimo Stainless Steel Water Bottle 1 Liters Each 1000 Milliliters,Solimo,Others > Kitchenware > Others,kitchen,not_tested,1,flipkart,1199.0,232.0,959.2,539.5500000000001,,1.0,False,80.65,57.0,75.25,37.0,326.16,519.97,243.6,0.14,0.04,63.13,50.0,150.0,0.07,7.36,90,10.3,-193.81,-267.82,-194.46,-124.82,-59.42,40.59,2.79,76.03,0.0,-30.23,13.38,67.45,SKIP,False,sellability 75 ≥ 60; risk 37 ≤ 60; margin -59.4% below 15.0%; ROI 40.6% ≥ 25.0%; expected profit non-positive,"Amazon Brand - Solimo Stainless Steel Water Bottle, Set Of 3, 1 liters Each, 1000 milliliters",kitchen,Not Tested,"Top Brand Misc, Water Bottle, Water Bottles & Other Products ll As is condition ll Amazon Inventory ll 47 Items ll Delhi & Bangalore & Mumbai ll 2842026 ll 16:126 AL || 100364",Bangalore,Thermos & Vacuum Flasks,,,As-Is-Condition,As-Is-Condition,,"['amazon', 'brand', 'solimo', 'stainless', 'steel', 'water', 'bottle', 'liters', 'each', '1000', 'milliliters']",solimo,kitchen,mrp_heuristic,,0.1935,,MID,0.65,0.0,0.65,539.55
bb-8219-2098-dde7ffbb44be,c6,Amazon Brand - Solimo Stainless Steel Water Bottle 1 L Each,Solimo,Others > Sports and fitness > Fitness > Others,kitchen,not_tested,1,flipkart,999.0,247.0,799.2,449.55,,1.0,False,75.28,45.06,71.09,37.0,271.75,525.36,259.35,0.14,0.04,52.6,50.0,150.0,0.07,6.14,90,10.96,-253.61,-316.77,-253.81,-194.07,-93.32,10.02,-20.78,38.41,0.0,-45.4,-11.27,31.04,SKIP,False,sellability 71 ≥ 60; risk 37 ≤ 60; margin -93.3% below 15.0%; ROI 10.0% below 25.0%; expected profit non-positive,"Amazon Brand - Solimo Stainless Steel Water Bottle, Set of 3, 1 L Each (Blitz)",kitchen,Not Tested,"Top Brand Misc, Water Bottle, Water Bottles & Other Products ll As is condition ll Amazon Inventory ll 47 Items ll Delhi & Bangalore & Mumbai ll 2842026 ll 16:126 AL || 100364",Bangalore,Water Bottle,,,As-Is-Condition,As-Is-Condition,,"['amazon', 'brand', 'solimo', 'stainless', 'steel', 'water', 'bottle', 'each']",solimo,kitchen,mrp_heuristic,,0.2472,,MID,0.65,0.0,0.65,449.55
bb-8219-14335-3a16c21e7979,c6,Amazon Brand - Solimo Stainless Steel Water Bottle 1 L Each,Solimo,Others > Sports and fitness > Fitness > Others,kitchen,not_tested,1,flipkart,999.0,247.0,799.2,449.55,,1.0,False,75.28,45.06,71.09,37.0,271.75,525.36,259.35,0.14,0.04,52.6,50.0,150.0,0.07,6.14,90,10.96,-253.61,-320.17,-251.25,-196.65,-93.32,10.02,-22.36,37.94,0.0,-45.4,-11.27,31.04,SKIP,False,sellability 71 ≥ 60; risk 37 ≤ 60; margin -93.3% below 15.0%; ROI 10.0% below 25.0%; expected profit non-positive,"Amazon Brand - Solimo Stainless Steel Water Bottle, Set of 3, 1 L Each (Blitz)",kitchen,Not Tested,"Top Brand Misc, Water Bottle, Water Bottles & Other Products ll As is condition ll Amazon Inventory ll 47 Items ll Delhi & Bangalore & Mumbai ll 2842026 ll 16:126 AL || 100364",Bangalore,Water Bottle,,,As-Is-Condition,As-Is-Condition,,"['amazon', 'brand', 'solimo', 'stainless', 'steel', 'water', 'bottle', 'each']",solimo,kitchen,mrp_heuristic,,0.2472,,MID,0.65,0.0,0.65,449.55
bb-8219-14598-dedea8350ea4,c6,Amazon Brand - Solimo Stainless Steel Water Bottle 1 L Each,Solimo,Others > Sports and fitness > Fitness > Others,kitchen,not_tested,1,flipkart,999.0,247.0,799.2,449.55,,1.0,False,75.28,45.06,71.09,37.0,271.75,525.36,259.35,0.14,0.04,52.6,50.0,150.0,0.07,6.14,90,10.96,-253.61,-320.9,-252.62,-191.86,-93.32,10.02,-21.37,39.63,0.0,-45.4,-11.27,31.04,SKIP,False,sellability 71 ≥ 60; risk 37 ≤ 60; margin -93.3% below 15.0%; ROI 10.0% below 25.0%; expected profit non-positive,"Amazon Brand - Solimo Stainless Steel Water Bottle, Set of 3, 1 L Each (Blitz)",kitchen,Not Tested,"Top Brand Misc, Water Bottle, Water Bottles & Other Products ll As is condition ll Amazon Inventory ll 47 Items ll Delhi & Bangalore & Mumbai ll 2842026 ll 16:126 AL || 100364",Bangalore,Water Bottle,,,As-Is-Condition,As-Is-Condition,,"['amazon', 'brand', 'solimo', 'stainless', 'steel', 'water', 'bottle', 'each']",solimo,kitchen,mrp_heuristic,,0.2472,,MID,0.65,0.0,0.65,449.55
bb-8219-11025-9bfd38e11646,c14,Amazon Brand - Solimo Unbreakable Round Plastic Water Bottle Leak Proof Bpa Free Ideal For Gym Office Home Travel College 1 Litre Each Multi-Colour,Solimo,Others > Kitchenware > Others,kitchen,not_tested,1,flipkart,899.0,223.0,719.2,404.55,,1.0,False,75.19,44.88,71.02,37.0,244.55,493.59,234.15,0.14,0.04,47.33,50.0,150.0,0.07,5.52,90,9.9,-249.04,-306.65,-248.83,-198.03,-101.84,9.66,-20.78,37.15,0.0,-45.58,-11.56,30.62,SKIP,False,sellability 71 ≥ 60; risk 37 ≤ 60; margin -101.8% below 15.0%; ROI 9.7% below 25.0%; expected profit non-positive,"Amazon Brand - Solimo Unbreakable Round Plastic Water Bottle | Leak Proof | BPA Free | Ideal for Gym, Office, Home, Travel, College | 1 Litre Each | Set of 6 | Multi-Colour",kitchen,Not Tested,"Top Brand Misc, Water Bottle, Water Bottles & Other Products ll As is condition ll Amazon Inventory ll 47 Items ll Delhi & Bangalore & Mumbai ll 2842026 ll 16:126 AL || 100364",Bangalore,Misc,,,As-Is-Condition,As-Is-Condition,,"['amazon', 'brand', 'solimo', 'unbreakable', 'round', 'plastic', 'water', 'bottle', 'leak', 'proof', 'bpa', 'free', 'ideal', 'gym', 'office', 'home', 'travel', 'college', 'litre', 'each', 'multi-colour']",solimo,kitchen,mrp_heuristic,,0.2481,,MID,0.65,0.0,0.65,404.55
bb-8219-1695-7f18e9d898f2,c5,Amazon Brand - Solimo Copper Water Pot Bedside Pot With Glass Hammered Finish 950 Ml,Solimo,Others > Sports and fitness > Fitness > Others,unknown,not_tested,1,amazon,1299.0,296.0,1039.2,584.5500000000001,,1.0,False,77.21,49.36,70.14,40.0,341.96,512.02,310.8,0.155,0.04,74.09,50.0,60.0,0.1,11.4,90,13.14,-170.06,-247.01,-171.67,-101.19,-49.73,15.53,-17.29,44.09,0.0,-40.76,-3.73,42.19,SKIP,False,sellability 70 ≥ 60; risk 40 ≤ 60; margin -49.7% below 15.0%; ROI 15.5% below 25.0%; expected profit non-positive,Amazon Brand - Solimo Copper Water Pot | Bedside Pot with Glass | Hammered Finish |950 ml,unknown,Not Tested,"Top Brand Misc, Water Bottle, Water Bottles & Other Products ll As is condition ll Amazon Inventory ll 47 Items ll Delhi & Bangalore & Mumbai ll 2842026 ll 16:126 AL || 100364",Bangalore,Water Bottle,,,As-Is-Condition,As-Is-Condition,,"['amazon', 'brand', 'solimo', 'copper', 'water', 'pot', 'bedside', 'glass', 'hammered', 'finish', '950']",solimo,unknown,mrp_heuristic,,0.2279,,MID,0.65,0.0,0.65,584.55
bb-8219-1840-ae343a51862c,c5,Amazon Brand - Solimo Copper Water Pot Bedside Pot With Glass Hammered Finish 950 Ml,Solimo,Others > Sports and fitness > Fitness > Others,unknown,not_tested,1,amazon,1299.0,296.0,1039.2,584.5500000000001,,1.0,False,77.21,49.36,70.14,40.0,341.96,512.02,310.8,0.155,0.04,74.09,50.0,60.0,0.1,11.4,90,13.14,-170.06,-250.07,-173.55,-90.51,-49.73,15.53,-17.43,47.57,0.0,-40.76,-3.73,42.19,SKIP,False,sellability 70 ≥ 60; risk 40 ≤ 60; margin -49.7% below 15.0%; ROI 15.5% below 25.0%; expected profit non-positive,Amazon Brand - Solimo Copper Water Pot | Bedside Pot with Glass | Hammered Finish |950 ml,unknown,Not Tested,"Top Brand Misc, Water Bottle, Water Bottles & Other Products ll As is condition ll Amazon Inventory ll 47 Items ll Delhi & Bangalore & Mumbai ll 2842026 ll 16:126 AL || 100364",Bangalore,Water Bottle,,,As-Is-Condition,As-Is-Condition,,"['amazon', 'brand', 'solimo', 'copper', 'water', 'pot', 'bedside', 'glass', 'hammered', 'finish', '950']",solimo,unknown,mrp_heuristic,,0.2279,,MID,0.65,0.0,0.65,584.55
bb-8219-5603-342bdc105c11,c5,Amazon Brand - Solimo Copper Water Pot Bedside Pot With Glass Hammered Finish 950 Ml,Solimo,Others > Sports and fitness > Fitness > Others,unknown,not_tested,1,amazon,1299.0,296.0,1039.2,584.5500000000001,,1.0,False,77.21,49.36,70.14,40.0,341.96,512.02,310.8,0.155,0.04,74.09,50.0,60.0,0.1,11.4,90,13.14,-170.06,-247.27,-169.84,-96.0,-49.73,15.53,-18.06,45.5,0.0,-40.76,-3.73,42.19,SKIP,False,sellability 70 ≥ 60; risk 40 ≤ 60; margin -49.7% below 15.0%; ROI 15.5% below 25.0%; expected profit non-positive,Amazon Brand - Solimo Copper Water Pot | Bedside Pot with Glass | Hammered Finish |950 ml,unknown,Not Tested,"Top Brand Misc, Water Bottle, Water Bottles & Other Products ll As is condition ll Amazon Inventory ll 47 Items ll Delhi & Bangalore & Mumbai ll 2842026 ll 16:126 AL || 100364",Bangalore,Water Bottle,,,As-Is-Condition,As-Is-Condition,,"['amazon', 'brand', 'solimo', 'copper', 'water', 'pot', 'bedside', 'glass', 'hammered', 'finish', '950']",solimo,unknown,mrp_heuristic,,0.2279,,MID,0.65,0.0,0.65,584.55
bb-8219-16434-303c8097754c,c5,Amazon Brand - Solimo Copper Water Pot Bedside Pot With Glass Hammered Finish 950 Ml,Solimo,Others > Sports and fitness > Fitness > Others,unknown,not_tested,1,amazon,1299.0,296.0,1039.2,584.5500000000001,,1.0,False,77.21,49.36,70.14,40.0,341.96,512.02,310.8,0.155,0.04,74.09,50.0,60.0,0.1,11.4,90,13.14,-170.06,-243.23,-171.81,-96.75,-49.73,15.53,-13.93,44.7,0.0,-40.76,-3.73,42.19,SKIP,False,sellability 70 ≥ 60; risk 40 ≤ 60; margin -49.7% below 15.0%; ROI 15.5% below 25.0%; expected profit non-positive,Amazon Brand - Solimo Copper Water Pot | Bedside Pot with Glass | Hammered Finish |950 ml,unknown,Not Tested,"Top Brand Misc, Water Bottle, Water Bottles & Other Products ll As is condition ll Amazon Inventory ll 47 Items ll Delhi & Bangalore & Mumbai ll 2842026 ll 16:126 AL || 100364",Bangalore,Water Bottle,,,As-Is-Condition,As-Is-Condition,,"['amazon', 'brand', 'solimo', 'copper', 'water', 'pot', 'bedside', 'glass', 'hammered', 'finish', '950']",solimo,unknown,mrp_heuristic,,0.2279,,MID,0.65,0.0,0.65,584.55
bb-8219-15313-9946f5190ed2,c8,Amazon Brand - Solimo Modular Plastic Container And Dispenser - Blue,Solimo,Others > Kitchenware > Kitchen Storage > Container,kitchen,not_tested,1,flipkart,1799.0,482.0,1439.2,809.5500000000001,,1.0,False,73.21,40.46,69.42,37.0,489.37,826.63,506.1,0.14,0.04,94.72,50.0,150.0,0.07,11.05,90,21.39,-337.26,-447.29,-336.43,-231.56,-68.92,1.53,-26.21,27.38,0.0,-49.61,-18.12,20.93,SKIP,False,sellability 69 ≥ 60; risk 37 ≤ 60; margin -68.9% below 15.0%; ROI 1.5% below 25.0%; expected profit non-positive,"Amazon Brand - Solimo Modular Plastic Container and Dispenser, Set of 6 (2400 Ml Each) - Blue",kitchen,Not Tested,"Top Brand Misc, Water Bottle, Water Bottles & Other Products ll As is condition ll Amazon Inventory ll 47 Items ll Delhi & Bangalore & Mumbai ll 2842026 ll 16:126 AL || 100364",Bangalore,Jars & Containers,,,As-Is-Condition,As-Is-Condition,,"['amazon', 'brand', 'solimo', 'modular', 'plastic', 'container', 'dispenser', 'blue']",solimo,kitchen,mrp_heuristic,,0.2679,,MID,0.65,0.0,0.65,809.55
bb-8219-6331-7c840fb3ff5c,c13,Amazon Brand - Solimo Stainless Steel Water Bottles 1L Each Rust-Resistant Shatter-Proof Spill-Proof Food Grade Steel For Office Home Travel Everyday Essential,Solimo,Others > Sports and fitness > Fitness > Others,kitchen,not_tested,1,flipkart,1999.0,539.0,1599.2,899.5500000000001,,1.0,False,73.04,40.08,69.28,37.0,543.78,900.03,565.95,0.14,0.04,105.25,50.0,150.0,0.07,12.28,90,23.92,-356.25,-475.38,-349.81,-237.3,-65.51,0.89,-25.46,27.51,0.0,-49.93,-18.64,20.16,SKIP,False,sellability 69 ≥ 60; risk 37 ≤ 60; margin -65.5% below 15.0%; ROI 0.9% below 25.0%; expected profit non-positive,"Amazon Brand - Solimo Stainless Steel Water Bottles Set of 6, 1L Each | Rust-Resistant, Shatter-Proof, Spill-Proof | Food Grade Steel | for Office, Home, Travel | Everyday Essential (Silver)",kitchen,Not Tested,"Top Brand Misc, Water Bottle, Water Bottles & Other Products ll As is condition ll Amazon Inventory ll 47 Items ll Delhi & Bangalore & Mumbai ll 2842026 ll 16:126 AL || 100364",Bangalore,Water Bottle,,,As-Is-Condition,As-Is-Condition,,"['amazon', 'brand', 'solimo', 'stainless', 'steel', 'water', 'bottles', 'each', 'rust-resistant', 'shatter-proof', 'spill-proof', 'food', 'grade', 'office', 'home', 'travel', 'everyday', 'essential']",solimo,kitchen,mrp_heuristic,,0.2696,,MID,0.65,0.0,0.65,899.55
bb-8219-12181-5925630c94e7,c6,Amazon Brand - Solimo Curved Stainless Steel Water Bottle 1 L Each,Solimo,Others > Sports and fitness > Fitness > Others,kitchen,not_tested,1,flipkart,699.0,212.0,559.2,314.55,,1.0,False,69.67,32.6,66.57,37.0,190.15,470.53,222.6,0.14,0.04,36.8,50.0,150.0,0.07,4.29,90,9.41,-280.38,-322.52,-278.66,-236.18,-147.46,-10.31,-34.27,14.22,0.0,-55.49,-27.67,6.83,SKIP,False,sellability 67 ≥ 60; risk 37 ≤ 60; margin -147.5% below 15.0%; ROI -10.3% below 25.0%; expected profit non-positive,"Amazon Brand - Solimo Curved Stainless Steel Water Bottle, Set of 2, 1 L Each",kitchen,Not Tested,"Top Brand Misc, Water Bottle, Water Bottles & Other Products ll As is condition ll Amazon Inventory ll 47 Items ll Delhi & Bangalore & Mumbai ll 2842026 ll 16:126 AL || 100364",Bangalore,Water Bottle,,,As-Is-Condition,As-Is-Condition,,"['amazon', 'brand', 'solimo', 'curved', 'stainless', 'steel', 'water', 'bottle', 'each']",solimo,kitchen,mrp_heuristic,,0.3033,,MID,0.65,0.0,0.65,314.55
bb-8219-7685-d830d783da45,c10,Amazon Brand - Solimo Stainless Steel Cubix Water Bottles 1L Each Rust-Resistant Shatter-Proof Spill-Proof Food Grade Steel Office School Travel Dishwasher Safe,Solimo,Others > Kitchenware > Kitchen Storage > Water Bottles,kitchen,not_tested,1,flipkart,566.0,191.0,452.8,254.70000000000002,,1.0,False,66.25,25.01,60.82,37.0,153.97,440.22,200.55,0.14,0.04,29.8,50.0,150.0,0.07,3.48,90,8.48,-286.25,-322.34,-285.67,-253.23,-185.92,-19.39,-42.45,1.23,0.0,-59.99,-34.99,-3.99,SKIP,False,sellability 61 ≥ 60; risk 37 ≤ 60; margin -185.9% below 15.0%; ROI -19.4% below 25.0%; expected profit non-positive,"Amazon Brand - Solimo Stainless Steel Cubix Water Bottles Set of 3, 1L Each | Rust-Resistant, Shatter-Proof, Spill-Proof | Food Grade Steel | Office, School, Travel | Dishwasher Safe (Silver)",kitchen,Not Tested,"Top Brand Misc, Water Bottle, Water Bottles & Other Products ll As is condition ll Amazon Inventory ll 47 Items ll Delhi & Bangalore & Mumbai ll 2842026 ll 16:126 AL || 100364",Bangalore,Water Bottles,,,As-Is-Condition,As-Is-Condition,,"['amazon', 'brand', 'solimo', 'stainless', 'steel', 'cubix', 'water', 'bottles', 'each', 'rust-resistant', 'shatter-proof', 'spill-proof', 'food', 'grade', 'office', 'school', 'travel', 'dishwasher', 'safe']",solimo,kitchen,mrp_heuristic,,0.3375,,LOW,0.65,0.0,0.65,254.7
bb-8219-11143-3bed1a53862b,c10,Amazon Brand - Solimo Stainless Steel Cubix Water Bottles 1L Each Rust-Resistant Shatter-Proof Spill-Proof Food Grade Steel Office School Travel Dishwasher Safe,Solimo,Others > Kitchenware > Kitchen Storage > Water Bottles,kitchen,not_tested,1,flipkart,566.0,191.0,452.8,254.70000000000002,,1.0,False,66.25,25.01,60.82,37.0,153.97,440.22,200.55,0.14,0.04,29.8,50.0,150.0,0.07,3.48,90,8.48,-286.25,-321.37,-286.26,-251.49,-185.92,-19.39,-40.73,1.62,0.0,-59.99,-34.99,-3.99,SKIP,False,sellability 61 ≥ 60; risk 37 ≤ 60; margin -185.9% below 15.0%; ROI -19.4% below 25.0%; expected profit non-positive,"Amazon Brand - Solimo Stainless Steel Cubix Water Bottles Set of 3, 1L Each | Rust-Resistant, Shatter-Proof, Spill-Proof | Food Grade Steel | Office, School, Travel | Dishwasher Safe (Silver)",kitchen,Not Tested,"Top Brand Misc, Water Bottle, Water Bottles & Other Products ll As is condition ll Amazon Inventory ll 47 Items ll Delhi & Bangalore & Mumbai ll 2842026 ll 16:126 AL || 100364",Bangalore,Water Bottles,,,As-Is-Condition,As-Is-Condition,,"['amazon', 'brand', 'solimo', 'stainless', 'steel', 'cubix', 'water', 'bottles', 'each', 'rust-resistant', 'shatter-proof', 'spill-proof', 'food', 'grade', 'office', 'school', 'travel', 'dishwasher', 'safe']",solimo,kitchen,mrp_heuristic,,0.3375,,LOW,0.65,0.0,0.65,254.7
bb-8219-12732-7f06d592db40,c10,Amazon Brand - Solimo Stainless Steel Cubix Water Bottles 1L Each Rust-Resistant Shatter-Proof Spill-Proof Food Grade Steel Office School Travel Dishwasher Safe,Solimo,Others > Kitchenware > Kitchen Storage > Water Bottles,kitchen,not_tested,1,flipkart,566.0,191.0,452.8,254.70000000000002,,1.0,False,66.25,25.01,60.82,37.0,153.97,440.22,200.55,0.14,0.04,29.8,50.0,150.0,0.07,3.48,90,8.48,-286.25,-320.25,-284.9,-254.21,-185.92,-19.39,-41.16,-0.07,0.0,-59.99,-34.99,-3.99,SKIP,False,sellability 61 ≥ 60; risk 37 ≤ 60; margin -185.9% below 15.0%; ROI -19.4% below 25.0%; expected profit non-positive,"Amazon Brand - Solimo Stainless Steel Cubix Water Bottles Set of 3, 1L Each | Rust-Resistant, Shatter-Proof, Spill-Proof | Food Grade Steel | Office, School, Travel | Dishwasher Safe (Silver)",kitchen,Not Tested,"Top Brand Misc, Water Bottle, Water Bottles & Other Products ll As is condition ll Amazon Inventory ll 47 Items ll Delhi & Bangalore & Mumbai ll 2842026 ll 16:126 AL || 100364",Bangalore,Water Bottles,,,As-Is-Condition,As-Is-Condition,,"['amazon', 'brand', 'solimo', 'stainless', 'steel', 'cubix', 'water', 'bottles', 'each', 'rust-resistant', 'shatter-proof', 'spill-proof', 'food', 'grade', 'office', 'school', 'travel', 'dishwasher', 'safe']",solimo,kitchen,mrp_heuristic,,0.3375,,LOW,0.65,0.0,0.65,254.7
bb-8219-12763-da949c8dfdb4,c10,Amazon Brand - Solimo Stainless Steel Cubix Water Bottles 1L Each Rust-Resistant Shatter-Proof Spill-Proof Food Grade Steel Office School Travel Dishwasher Safe,Solimo,Others > Kitchenware > Kitchen Storage > Water Bottles,kitchen,not_tested,1,flipkart,566.0,191.0,452.8,254.70000000000002,,1.0,False,66.25,25.01,60.82,37.0,153.97,440.22,200.55,0.14,0.04,29.8,50.0,150.0,0.07,3.48,90,8.48,-286.25,-322.63,-285.6,-253.28,-185.92,-19.39,-41.82,1.3,0.0,-59.99,-34.99,-3.99,SKIP,False,sellability 61 ≥ 60; risk 37 ≤ 60; margin -185.9% below 15.0%; ROI -19.4% below 25.0%; expected profit non-positive,"Amazon Brand - Solimo Stainless Steel Cubix Water Bottles Set of 3, 1L Each | Rust-Resistant, Shatter-Proof, Spill-Proof | Food Grade Steel | Office, School, Travel | Dishwasher Safe (Silver)",kitchen,Not Tested,"Top Brand Misc, Water Bottle, Water Bottles & Other Products ll As is condition ll Amazon Inventory ll 47 Items ll Delhi & Bangalore & Mumbai ll 2842026 ll 16:126 AL || 100364",Bangalore,Water Bottles,,,As-Is-Condition,As-Is-Condition,,"['amazon', 'brand', 'solimo', 'stainless', 'steel', 'cubix', 'water', 'bottles', 'each', 'rust-resistant', 'shatter-proof', 'spill-proof', 'food', 'grade', 'office', 'school', 'travel', 'dishwasher', 'safe']",solimo,kitchen,mrp_heuristic,,0.3375,,LOW,0.65,0.0,0.65,254.7
bb-8219-15293-df1ea41f8e31,c10,Amazon Brand - Solimo Stainless Steel Cubix Water Bottles 1L Each Rust-Resistant Shatter-Proof Spill-Proof Food Grade Steel Office School Travel Dishwasher Safe,Solimo,Others > Kitchenware > Kitchen Storage > Water Bottles,kitchen,not_tested,1,flipkart,566.0,191.0,452.8,254.70000000000002,,1.0,False,66.25,25.01,60.82,37.0,153.97,440.22,200.55,0.14,0.04,29.8,50.0,150.0,0.07,3.48,90,8.48,-286.25,-322.52,-286.95,-253.84,-185.92,-19.39,-41.85,1.01,0.0,-59.99,-34.99,-3.99,SKIP,False,sellability 61 ≥ 60; risk 37 ≤ 60; margin -185.9% below 15.0%; ROI -19.4% below 25.0%; expected profit non-positive,"Amazon Brand - Solimo Stainless Steel Cubix Water Bottles Set of 3, 1L Each | Rust-Resistant, Shatter-Proof, Spill-Proof | Food Grade Steel | Office, School, Travel | Dishwasher Safe (Silver)",kitchen,Not Tested,"Top Brand Misc, Water Bottle, Water Bottles & Other Products ll As is condition ll Amazon Inventory ll 47 Items ll Delhi & Bangalore & Mumbai ll 2842026 ll 16:126 AL || 100364",Bangalore,Water Bottles,,,As-Is-Condition,As-Is-Condition,,"['amazon', 'brand', 'solimo', 'stainless', 'steel', 'cubix', 'water', 'bottles', 'each', 'rust-resistant', 'shatter-proof', 'spill-proof', 'food', 'grade', 'office', 'school', 'travel', 'dishwasher', 'safe']",solimo,kitchen,mrp_heuristic,,0.3375,,LOW,0.65,0.0,0.65,254.7
bb-8219-16183-7857989bdd35,c10,Amazon Brand - Solimo Stainless Steel Cubix Water Bottles 1L Each Rust-Resistant Shatter-Proof Spill-Proof Food Grade Steel Office School Travel Dishwasher Safe,Solimo,Others > Kitchenware > Kitchen Storage > Water Bottles,kitchen,not_tested,1,flipkart,566.0,191.0,452.8,254.70000000000002,,1.0,False,66.25,25.01,60.82,37.0,153.97,440.22,200.55,0.14,0.04,29.8,50.0,150.0,0.07,3.48,90,8.48,-286.25,-320.34,-285.58,-255.18,-185.92,-19.39,-40.59,-0.33,0.0,-59.99,-34.99,-3.99,SKIP,False,sellability 61 ≥ 60; risk 37 ≤ 60; margin -185.9% below 15.0%; ROI -19.4% below 25.0%; expected profit non-positive,"Amazon Brand - Solimo Stainless Steel Cubix Water Bottles Set of 3, 1L Each | Rust-Resistant, Shatter-Proof, Spill-Proof | Food Grade Steel | Office, School, Travel | Dishwasher Safe (Silver)",kitchen,Not Tested,"Top Brand Misc, Water Bottle, Water Bottles & Other Products ll As is condition ll Amazon Inventory ll 47 Items ll Delhi & Bangalore & Mumbai ll 2842026 ll 16:126 AL || 100364",Bangalore,Water Bottles,,,As-Is-Condition,As-Is-Condition,,"['amazon', 'brand', 'solimo', 'stainless', 'steel', 'cubix', 'water', 'bottles', 'each', 'rust-resistant', 'shatter-proof', 'spill-proof', 'food', 'grade', 'office', 'school', 'travel', 'dishwasher', 'safe']",solimo,kitchen,mrp_heuristic,,0.3375,,LOW,0.65,0.0,0.65,254.7
bb-8219-16523-b72501baaa74,c10,Amazon Brand - Solimo Stainless Steel Cubix Water Bottles 1L Each Rust-Resistant Shatter-Proof Spill-Proof Food Grade Steel Office School Travel Dishwasher Safe,Solimo,Others > Kitchenware > Kitchen Storage > Water Bottles,kitchen,not_tested,1,flipkart,566.0,191.0,452.8,254.70000000000002,,1.0,False,66.25,25.01,60.82,37.0,153.97,440.22,200.55,0.14,0.04,29.8,50.0,150.0,0.07,3.48,90,8.48,-286.25,-320.09,-284.9,-253.21,-185.92,-19.39,-40.31,1.23,0.0,-59.99,-34.99,-3.99,SKIP,False,sellability 61 ≥ 60; risk 37 ≤ 60; margin -185.9% below 15.0%; ROI -19.4% below 25.0%; expected profit non-positive,"Amazon Brand - Solimo Stainless Steel Cubix Water Bottles Set of 3, 1L Each | Rust-Resistant, Shatter-Proof, Spill-Proof | Food Grade Steel | Office, School, Travel | Dishwasher Safe (Silver)",kitchen,Not Tested,"Top Brand Misc, Water Bottle, Water Bottles & Other Products ll As is condition ll Amazon Inventory ll 47 Items ll Delhi & Bangalore & Mumbai ll 2842026 ll 16:126 AL || 100364",Bangalore,Water Bottles,,,As-Is-Condition,As-Is-Condition,,"['amazon', 'brand', 'solimo', 'stainless', 'steel', 'cubix', 'water', 'bottles', 'each', 'rust-resistant', 'shatter-proof', 'spill-proof', 'food', 'grade', 'office', 'school', 'travel', 'dishwasher', 'safe']",solimo,kitchen,mrp_heuristic,,0.3375,,LOW,0.65,0.0,0.65,254.7
bb-8219-199-e00d3df171ae,c15,Amazon Solimo Silica Glass Milk Bottle 1 Litre Transparent,Solimo,Others > Kitchenware > Others,kitchen,not_tested,1,flipkart,600.0,220.0,480.0,270.0,,1.0,False,63.33,18.52,58.46,37.0,163.21,473.83,231.0,0.14,0.04,31.59,50.0,150.0,0.07,3.69,90,9.76,-310.61,-347.42,-310.01,-275.2,-190.31,-25.81,-46.16,-6.91,0.0,-63.18,-40.17,-11.64,SKIP,False,sellability 58 below threshold 60; risk 37 ≤ 60; margin -190.3% below 15.0%; ROI -25.8% below 25.0%; expected profit non-positive,Amazon Solimo Silica Glass Milk Bottle | 1 Litre | Transparent,kitchen,Not Tested,"Top Brand Misc, Water Bottle, Water Bottles & Other Products ll As is condition ll Amazon Inventory ll 47 Items ll Delhi & Bangalore & Mumbai ll 2842026 ll 16:126 AL || 100364",Bangalore,Misc,,,As-Is-Condition,As-Is-Condition,,"['amazon', 'solimo', 'silica', 'glass', 'milk', 'bottle', 'litre', 'transparent']",solimo,kitchen,mrp_heuristic,,0.3667,,LOW,0.65,0.0,0.65,270.0
bb-8219-4822-02a336ed3a1f,c15,Amazon Solimo Silica Glass Milk Bottle 1 Litre Transparent,Solimo,Others > Kitchenware > Others,kitchen,not_tested,1,flipkart,600.0,220.0,480.0,270.0,,1.0,False,63.33,18.52,58.46,37.0,163.21,473.83,231.0,0.14,0.04,31.59,50.0,150.0,0.07,3.69,90,9.76,-310.61,-346.57,-309.2,-272.85,-190.31,-25.81,-45.42,-5.31,0.0,-63.18,-40.17,-11.64,SKIP,False,sellability 58 below threshold 60; risk 37 ≤ 60; margin -190.3% below 15.0%; ROI -25.8% below 25.0%; expected profit non-positive,Amazon Solimo Silica Glass Milk Bottle | 1 Litre | Transparent,kitchen,Not Tested,"Top Brand Misc, Water Bottle, Water Bottles & Other Products ll As is condition ll Amazon Inventory ll 47 Items ll Delhi & Bangalore & Mumbai ll 2842026 ll 16:126 AL || 100364",Bangalore,Misc,,,As-Is-Condition,As-Is-Condition,,"['amazon', 'solimo', 'silica', 'glass', 'milk', 'bottle', 'litre', 'transparent']",solimo,kitchen,mrp_heuristic,,0.3667,,LOW,0.65,0.0,0.65,270.0
bb-8219-7060-32185ea0fed0,c15,Amazon Solimo Silica Glass Milk Bottle 1 Litre Transparent,Solimo,Others > Kitchenware > Others,kitchen,not_tested,1,flipkart,600.0,220.0,480.0,270.0,,1.0,False,63.33,18.52,58.46,37.0,163.21,473.83,231.0,0.14,0.04,31.59,50.0,150.0,0.07,3.69,90,9.76,-310.61,-348.34,-311.01,-275.92,-190.31,-25.81,-46.03,-7.42,0.0,-63.18,-40.17,-11.64,SKIP,False,sellability 58 below threshold 60; risk 37 ≤ 60; margin -190.3% below 15.0%; ROI -25.8% below 25.0%; expected profit non-positive,Amazon Solimo Silica Glass Milk Bottle | 1 Litre | Transparent,kitchen,Not Tested,"Top Brand Misc, Water Bottle, Water Bottles & Other Products ll As is condition ll Amazon Inventory ll 47 Items ll Delhi & Bangalore & Mumbai ll 2842026 ll 16:126 AL || 100364",Bangalore,Misc,,,As-Is-Condition,As-Is-Condition,,"['amazon', 'solimo', 'silica', 'glass', 'milk', 'bottle', 'litre', 'transparent']",solimo,kitchen,mrp_heuristic,,0.3667,,LOW,0.65,0.0,0.65,270.0
